AccID,Password,Email,TaxID,GroupNum,AccCity,Active,AccCompany,AccName
246566,12345,oyoung@example.org,,,New Mikaylaview,1,,
678046,12345,manuelpowell@example.org,,,North Jackieside,1,,
281298,12345,yolson@example.net,,,Perezport,1,,
784072,12345,mbarber@example.net,,,Claytonchester,1,,
493943,12345,thomas76@example.com,,,Rodriguezburgh,1,,
740366,12345,nmyers@example.com,,,Rogerston,1,,
305247,12345,wisemichael@example.org,,,Brownside,1,,
651972,12345,ibarrajacqueline@example.net,,,Lake Lisaland,1,,
274050,12345,morgancruz@example.org,,,Blakestad,1,,
555989,12345,leachjulie@example.com,,,Julieland,1,,
829896,12345,heidifigueroa@example.org,,,Hessshire,1,,
466240,12345,justin84@example.net,,,South Tiffanyburgh,1,,
260839,12345,ericchambers@example.com,,,Lake David,1,,
919721,12345,james08@example.org,,,East David,1,,
657343,12345,shellyfernandez@example.net,,,Franciscoview,1,,
848229,12345,kimberly31@example.net,,,Brownchester,1,,
738252,12345,smallmatthew@example.com,,,West Catherinemouth,1,,
636470,12345,doughertystacy@example.com,,,Katherineburgh,1,,
232470,12345,jonathanshaw@example.org,,,South Amberborough,1,,
780964,12345,frank16@example.org,,,Port Lori,1,,
500351,12345,slewis@example.org,,,Port Jennifer,1,,
569347,12345,ljohnson@example.com,,,East Dustin,1,,
596909,12345,ruben70@example.org,,,North Sherrychester,1,,
869781,12345,mckenziewilliam@example.net,,,East Jacquelinemouth,1,,
624784,12345,nadams@example.com,,,Lake Angelaberg,1,,
382539,12345,brandonthomas@example.com,,,Nataliebury,1,,
700314,12345,sarahsmith@example.org,,,Johnsonbury,1,,
226027,12345,prestonjacqueline@example.net,,,Crystalberg,1,,
442611,12345,daniel39@example.com,,,Shellybury,1,,
615214,12345,hoganwilliam@example.org,,,Nicholaschester,1,,
385585,12345,pdavis@example.com,,,Carterside,1,,
484647,12345,ntorres@example.com,,,South Davidshire,1,,
374412,12345,lhunter@example.net,,,Aguirreside,1,,
379220,12345,hannahsolis@example.com,,,Matthewchester,1,,
185954,12345,waguilar@example.net,,,Lake Jesse,1,,
445062,12345,anthony84@example.net,,,West Jon,1,,
273198,12345,randy32@example.com,,,South Markchester,1,,
994791,12345,sallymurphy@example.net,,,Brianburgh,1,,
303966,12345,sawyerabigail@example.org,,,New Steven,1,,
824618,12345,christine09@example.com,,,North Johnmouth,1,,
350183,12345,kimberlyruiz@example.net,,,West Sandra,1,,
763124,12345,skinnerthomas@example.net,,,South Samanthafort,1,,
985557,12345,harrisonjerry@example.net,,,Danielmouth,1,,
499387,12345,garrettruiz@example.org,,,North Danieltown,1,,
825911,12345,benjaminmoore@example.net,,,Sandraville,1,,
572496,12345,ronaldholt@example.org,,,Masonhaven,1,,
209587,12345,alexandercompton@example.net,,,New Stevenchester,1,,
830822,12345,kbrandt@example.org,,,Smithtown,1,,
322141,12345,sextonangela@example.com,,,Carlastad,1,,
739457,12345,michael22@example.net,,,West James,1,,
375599,12345,victoriagarner@example.net,,,Carrtown,1,,
255352,12345,dylananderson@example.org,,,East Patriciabury,1,,
800808,12345,vwolf@example.org,,,West Patrickview,1,,
814624,12345,jessejohnson@example.org,,,Fowlerbury,1,,
725088,12345,sherrybrown@example.net,,,Kellyborough,1,,
609722,12345,thomasashley@example.org,,,Crossside,1,,
332984,12345,msmith@example.net,,,North Morganhaven,1,,
740921,12345,donaldtorres@example.net,,,New Cody,1,,
339250,12345,cburton@example.net,,,Lake Stevenville,1,,
608446,12345,candacecook@example.org,,,Anthonyberg,1,,
629345,12345,lisatate@example.com,,,South Erikview,1,,
634130,12345,mullinsjoshua@example.org,,,New Sean,1,,
843280,12345,michaelbanks@example.net,,,Markview,1,,
507101,12345,robert16@example.org,,,Tonyberg,1,,
999265,12345,audrey71@example.org,,,North Robertshire,1,,
449590,12345,yschwartz@example.net,,,Port Carlmouth,1,,
975146,12345,alison05@example.net,,,Alyssabury,1,,
236588,12345,teresamitchell@example.com,,,Port Tommy,1,,
887317,12345,alowe@example.org,,,Ibarraport,1,,
441809,12345,anthonyray@example.org,,,Port Kathyberg,1,,
786252,12345,alopez@example.org,,,Lake Suzanne,1,,
906070,12345,gonzalezdoris@example.org,,,South Stephanie,1,,
422217,12345,james95@example.com,,,Petershire,1,,
404391,12345,sarahwong@example.com,,,South Robertstad,1,,
613930,12345,justinweaver@example.net,,,West Nicole,1,,
900364,12345,davidlopez@example.org,,,Tuckermouth,1,,
753952,12345,scase@example.org,,,North Danielle,1,,
132059,12345,mgreen@example.org,,,South Jessica,1,,
829551,12345,petersonkristin@example.com,,,Lake Shelbyfurt,1,,
493831,12345,ihughes@example.com,,,Kelseystad,1,,
299910,12345,carlos04@example.com,,,Zamoratown,1,,
401061,12345,tmay@example.net,,,North Glennmouth,1,,
484524,12345,kgarcia@example.com,,,Port Richard,1,,
469583,12345,leestacie@example.net,,,West Sarahtown,1,,
174540,12345,hpayne@example.net,,,Mistyfurt,1,,
606873,12345,ccarey@example.net,,,Williamsmouth,1,,
355514,12345,brownwilliam@example.org,,,Harrischester,1,,
744793,12345,sharontran@example.com,,,Robbinsstad,1,,
810614,12345,robertsonjames@example.net,,,North Jenniferburgh,1,,
623001,12345,saranewman@example.org,,,Donaldsonhaven,1,,
500641,12345,renee15@example.net,,,Johnberg,1,,
655790,12345,handerson@example.net,,,East James,1,,
655473,12345,wwalter@example.net,,,East Sherry,1,,
551036,12345,williambowen@example.com,,,East Loristad,1,,
935404,12345,dbailey@example.net,,,South Zachary,1,,
144908,12345,nwebster@example.org,,,Davisville,1,,
182188,12345,chelseareyes@example.com,,,North Robertland,1,,
759920,12345,poperachel@example.org,,,East Bradmouth,1,,
543443,12345,ryanberry@example.com,,,West Brittany,1,,
516625,12345,betty20@example.net,,,New Paulfurt,1,,
